[{"image": "46acbac1c904df4a97887e4e3b5d35fde53397d3_0.png", "datetime": "2019-07-17 21:25:50", "minute": 0, "second": 2}, {"image": "46acbac1c904df4a97887e4e3b5d35fde53397d3_1.png", "datetime": "2019-07-17 21:25:51", "minute": 0, "second": 3}, {"image": "46acbac1c904df4a97887e4e3b5d35fde53397d3_2.png", "datetime": "2019-07-17 21:25:52", "minute": 0, "second": 4}, {"image": "46acbac1c904df4a97887e4e3b5d35fde53397d3_3.png", "datetime": "2019-07-17 21:25:53", "minute": 0, "second": 5}, {"image": "46acbac1c904df4a97887e4e3b5d35fde53397d3_4.png", "datetime": "2019-07-17 21:25:54", "minute": 0, "second": 6}]