[{"image": "00dae172c881e71ccd4e299e3e3bbe7bdf86f135_0.png", "datetime": "2019-07-17 21:26:08", "minute": 0, "second": 3}, {"image": "00dae172c881e71ccd4e299e3e3bbe7bdf86f135_1.png", "datetime": "2019-07-17 21:26:09", "minute": 0, "second": 4}, {"image": "00dae172c881e71ccd4e299e3e3bbe7bdf86f135_2.png", "datetime": "2019-07-17 21:26:10", "minute": 0, "second": 5}, {"image": "00dae172c881e71ccd4e299e3e3bbe7bdf86f135_3.png", "datetime": "2019-07-17 21:26:11", "minute": 0, "second": 6}, {"image": "00dae172c881e71ccd4e299e3e3bbe7bdf86f135_4.png", "datetime": "2019-07-17 21:26:12", "minute": 0, "second": 7}, {"image": "00dae172c881e71ccd4e299e3e3bbe7bdf86f135_5.png", "datetime": "2019-07-17 21:26:13", "minute": 0, "second": 8}, {"image": "00dae172c881e71ccd4e299e3e3bbe7bdf86f135_6.png", "datetime": "2019-07-17 21:26:14", "minute": 0, "second": 9}, {"image": "00dae172c881e71ccd4e299e3e3bbe7bdf86f135_7.png", "datetime": "2019-07-17 21:26:15", "minute": 0, "second": 10}, {"image": "00dae172c881e71ccd4e299e3e3bbe7bdf86f135_8.png", "datetime": "2019-07-17 21:26:16", "minute": 0, "second": 11}, {"image": "00dae172c881e71ccd4e299e3e3bbe7bdf86f135_9.png", "datetime": "2019-07-17 21:26:17", "minute": 0, "second": 12}, {"image": "00dae172c881e71ccd4e299e3e3bbe7bdf86f135_10.png", "datetime": "2019-07-17 21:26:18", "minute": 0, "second": 13}, {"image": "00dae172c881e71ccd4e299e3e3bbe7bdf86f135_11.png", "datetime": "2019-07-17 21:26:19", "minute": 0, "second": 14}, {"image": "00dae172c881e71ccd4e299e3e3bbe7bdf86f135_12.png", "datetime": "2019-07-17 21:26:20", "minute": 0, "second": 15}, {"image": "00dae172c881e71ccd4e299e3e3bbe7bdf86f135_13.png", "datetime": "2019-07-17 21:26:21", "minute": 0, "second": 16}, {"image": "00dae172c881e71ccd4e299e3e3bbe7bdf86f135_14.png", "datetime": "2019-07-17 21:26:22", "minute": 0, "second": 17}, {"image": "00dae172c881e71ccd4e299e3e3bbe7bdf86f135_15.png", "datetime": "2019-07-17 21:26:23", "minute": 0, "second": 18}, {"image": "00dae172c881e71ccd4e299e3e3bbe7bdf86f135_16.png", "datetime": "2019-07-17 21:26:24", "minute": 0, "second": 19}, {"image": "00dae172c881e71ccd4e299e3e3bbe7bdf86f135_17.png", "datetime": "2019-07-17 21:26:25", "minute": 0, "second": 20}, {"image": "00dae172c881e71ccd4e299e3e3bbe7bdf86f135_18.png", "datetime": "2019-07-17 21:26:27", "minute": 0, "second": 21}, {"image": "00dae172c881e71ccd4e299e3e3bbe7bdf86f135_19.png", "datetime": "2019-07-17 21:26:28", "minute": 0, "second": 22}]