[{"image": "dd7ac8d965a4e9ce778efaad6acef03eefdb9f06_0.png", "datetime": "2019-07-11 08:27:58", "minute": 0, "second": 1}, {"image": "dd7ac8d965a4e9ce778efaad6acef03eefdb9f06_1.png", "datetime": "2019-07-11 08:28:00", "minute": 0, "second": 2}, {"image": "dd7ac8d965a4e9ce778efaad6acef03eefdb9f06_2.png", "datetime": "2019-07-11 08:28:01", "minute": 0, "second": 3}, {"image": "dd7ac8d965a4e9ce778efaad6acef03eefdb9f06_3.png", "datetime": "2019-07-11 08:28:02", "minute": 0, "second": 4}, {"image": "dd7ac8d965a4e9ce778efaad6acef03eefdb9f06_4.png", "datetime": "2019-07-11 08:28:03", "minute": 0, "second": 5}, {"image": "dd7ac8d965a4e9ce778efaad6acef03eefdb9f06_5.png", "datetime": "2019-07-11 08:28:04", "minute": 0, "second": 6}, {"image": "dd7ac8d965a4e9ce778efaad6acef03eefdb9f06_6.png", "datetime": "2019-07-11 08:28:05", "minute": 0, "second": 7}, {"image": "dd7ac8d965a4e9ce778efaad6acef03eefdb9f06_7.png", "datetime": "2019-07-11 08:28:06", "minute": 0, "second": 8}, {"image": "dd7ac8d965a4e9ce778efaad6acef03eefdb9f06_8.png", "datetime": "2019-07-11 08:28:07", "minute": 0, "second": 9}, {"image": "dd7ac8d965a4e9ce778efaad6acef03eefdb9f06_9.png", "datetime": "2019-07-11 08:28:08", "minute": 0, "second": 10}, {"image": "dd7ac8d965a4e9ce778efaad6acef03eefdb9f06_10.png", "datetime": "2019-07-11 08:28:10", "minute": 0, "second": 11}]